标题,地区,位置,具体位置,resblock-tag1_resblock-tag_resblock-type_resblock-tag2_resblock-tag3,均价/平方米每元,总价,类型,室厅数,面积,
星河湾萝峰,黄埔,香雪,广东省广州市黄埔区萝岗路与启学路交叉口北 200 米,"住宅,车位充足,绿化率高,品牌房企,入户花园",38000, 总价 480 - 1550 (万 / 套), 在售,"3 室,5 室", 建面 130 - 265㎡
时代印记,黄埔,知识城,广东省广州市黄埔区亨美西路,"住宅,低单价,低总价,绿化率高,人车分流",18000, 总价 155 - 245 (万 / 套), 在售,"3 室,4 室", 建面 87 - 136㎡
国化广场,白云,白云大道南,广东省广州市白云区云城北二路 116 号,"商业类,车位充足,人车分流,近地铁,地铁沿线", 价格待定,NaN, 待售,NaN,NaN
富豪山庄・领峰,番禺,富豪山庄,番禺区东环街市广路 232 号富豪大厦,"住宅,低单价,低总价,车位充足,低密居所",30000, 总价 159 - 321 (万 / 套), 在售,1 室,建面 53 - 107㎡
北大科技园・国际科创广场,白云,石井,石沙公路 81 号,"商业类,小型社区,近地铁,地铁沿线,综合商场", 价格待定,NaN, 待售,NaN,NaN
翡翠绿洲,增城,新塘,广东省广州市增城区陈家林路,"住宅,大型社区,生态宜居,配套完善,品牌物业",22000, 总价 264 - 660 (万 / 套), 在售,"3 室,5 室", 建面 120 - 300㎡
敏捷绿湖首府,增城,石滩,广东省广州市增城区石滩镇新城大道 400 号,"住宅,湖景资源,低总价,绿化率高,人车分流",13000, 总价 117 - 234 (万 / 套), 在售,"2 室,4 室", 建面 90 - 180㎡
尚东 We 家,增城,永宁,广东省广州市增城区永宁街新新大道北 16 号,"住宅,花园式社区,交通便利,商业配套,教育资源",18000, 总价 162 - 450 (万 / 套), 在售,"3 室,5 室", 建面 90 - 250㎡
碧桂园凤凰城,增城,新塘,广东省广州市增城区广园快速路,"住宅,大型成熟社区,配套齐全,环境优美,交通便捷",20000, 总价 240 - 600 (万 / 套), 在售,"3 室,5 室", 建面 120 - 300㎡
荔富湖畔,增城,荔湖,广东省广州市增城区荔湖新城景观大道,"住宅,湖景美宅,低密社区,生态良好,配套新",15000, 总价 135 - 315 (万 / 套), 在售,"3 室,4 室", 建面 90 - 210㎡
合景誉山国际,增城,永和,广东省广州市增城区广园东新新公路中段,"住宅,配套成熟,生活便利,交通方便,绿化好",10000, 总价 80 - 200 (万 / 套), 在售,"2 室,4 室", 建面 80 - 200㎡
景新国际名城,从化,街口,广东省广州市从化区河滨北路 768 号,"住宅,配套完善,交通便捷,生活设施全,近公园",12000, 总价 108 - 252 (万 / 套), 在售,"3 室,4 室", 建面 90 - 210㎡
珠光御景山水城,从化,江埔,广东省广州市从化区江埔街环市东路 288 号,"住宅,山水景观,低密宜居,环境清幽,配套好",13000, 总价 117 - 273 (万 / 套), 在售,"3 室,4 室", 建面 90 - 210㎡
保利桃花源,从化,温泉,广东省广州市从化区温泉镇桃源路,"住宅,生态别墅,高端品质,环境优美,配套高端",28000, 总价 504 - 1260 (万 / 套), 在售,"3 室,5 室", 建面 180 - 450㎡
富力泉天下,从化,温泉,广东省广州市从化区温泉旅游度假区内,"住宅,温泉入户,环境宜人,配套成熟,交通方便",15000, 总价 135 - 375 (万 / 套), 在售,"2 室,5 室", 建面 90 - 250㎡
南沙金茂湾,南沙,明珠湾,广东省广州市南沙区凤凰大道,"住宅,海景房,品牌房企,配套齐全,高端社区",32000, 总价 384 - 896 (万 / 套), 在售,"3 室,4 室", 建面 120 - 280㎡
星河山海湾,南沙,南沙湾,广东省广州市南沙区港前大道北 95 号,"住宅,山海景观,低密社区,配套完善,交通便利",30000, 总价 360 - 810 (万 / 套), 在售,"3 室,5 室", 建面 120 - 270㎡
阳光城丽景湾,南沙,蕉门河,广东省广州市南沙区环市大道西与坦头路交汇处,"住宅,河景资源,低总价,绿化率高,人车分流",25000, 总价 225 - 525 (万 / 套), 在售,"3 室,4 室", 建面 90 - 210㎡
保利南沙天汇,南沙,横沥岛尖,广东省广州市南沙区横沥岛尖,"住宅,江景美宅,品牌保障,配套新,交通便利",35000, 总价 420 - 910 (万 / 套), 在售,"3 室,4 室", 建面 120 - 260㎡
越秀滨海新城,南沙,黄阁,广东省广州市南沙区黄阁镇黄阁南路,"住宅,花园社区,配套成熟,交通便捷,生活方便",23000, 总价 207 - 483 (万 / 套), 在售,"3 室,4 室", 建面 90 - 210㎡
奥园恒基学苑壹号,南沙,横沥岛尖,广东省广州市南沙区横沥岛尖,"住宅,教育资源,江景房,低密社区,配套好",36000, 总价 432 - 972 (万 / 套), 在售,"3 室,4 室", 建面 120 - 270㎡
南沙保利城,南沙,黄阁,广东省广州市南沙区黄阁大道南,"住宅,大型社区,配套齐全,交通方便,绿化好",22000, 总价 198 - 462 (万 / 套), 在售,"3 室,4 室", 建面 90 - 210㎡
时代天逸（广州）, 南沙,黄阁,广东省广州市南沙区黄阁地铁站旁,"住宅,地铁上盖,配套完善,生活便利,交通便捷",24000, 总价 216 - 504 (万 / 套), 在售,"3 室,4 室", 建面 90 - 210㎡
星河智荟,南沙,黄阁,广东省广州市南沙区黄阁镇市南大道与黄阁路交汇处,"住宅,低密社区,配套成熟,交通方便,环境优美",23000, 总价 207 - 483 (万 / 套), 在售,"3 室,4 室", 建面 90 - 210㎡
万科海上明月,南沙,万顷沙,广东省广州市南沙区万顷沙镇,"住宅,江景资源,品牌物业,配套新,环境宜人",20000, 总价 180 - 420 (万 / 套), 在售,"3 室,4 室", 建面 90 - 210㎡
珠江未来城,花都,汽车城,广东省广州市花都区风神大道,"住宅,品牌地产,配套成熟,交通便捷,低总价",18000, 总价 162 - 378 (万 / 套), 在售,"3 室,4 室", 建面 90 - 210㎡
祈福万景峰,花都,新华,广东省广州市花都区新街大道,"住宅,配套完善,交通方便,生活设施全,近公园",20000, 总价 180 - 420 (万 / 套), 在售,"3 室,4 室", 建面 90 - 210㎡
融创文旅城,花都,花城街,广东省广州市花都区平步大道中,"住宅,大型文旅配套,环境优美,配套齐全,交通便利",22000, 总价 198 - 484 (万 / 套), 在售,"3 室,5 室", 建面 90 - 220㎡
保利花城纪,花都,花城街,广东省广州市花都区花城街三东大道西,"住宅,品牌保障,配套新,交通方便,绿化好",21000, 总价 189 - 462 (万 / 套), 在售,"3 室,4 室", 建面 90 - 220㎡
阳光城兰园・翡丽湾,花都,狮岭,广东省广州市花都区狮岭大道东,"住宅,低密社区,配套成熟,环境宜人,交通便捷",15000, 总价 135 - 315 (万 / 套), 在售,"3 室,4 室", 建面 90 - 210㎡
路劲天隽峰,花都,新华,广东省广州市花都区茶园路与宝华路交汇处,"住宅,花园式社区,配套完善,生活便利,交通方便",23000, 总价 207 - 483 (万 / 套), 在售,"3 室,4 室", 建面 90 - 210㎡
广州融创文旅城御湖湾,花都,花城街,广东省广州市花都区平步大道中,"住宅,湖景美宅,高端品质,配套齐全,环境优美",25000, 总价 225 - 550 (万 / 套), 在售,"3 室,5 室", 建面 90 - 220㎡
锦尚蓬莱御苑,花都,花东,广东省广州市花都区花东镇花都大道北,"住宅,低总价,配套成熟,交通便捷,生活方便",12000, 总价 108 - 252 (万 / 套), 在售,"3 室,4 室", 建面 90 - 210㎡
祈福辉煌台,花都,新华,广东省广州市花都区曙光路与三东大道交汇处,"住宅,配套完善,交通方便,生活设施全,绿化好",21000, 总价 189 - 462 (万 / 套), 在售,"3 室,4 室", 建面 90 - 220㎡
保利悦廷,花都,花东,广东省广州市花都区花东镇花都大道,"住宅,品牌地产,配套新,交通便捷,低密社区",13000, 总价 117 - 273 (万 / 套), 在售,"3 室,4 室", 建面 90 - 210㎡
敏捷尚品国际,花都,汽车城,广东省广州市花都区风神大道,"商业类,小型社区,近地铁,交通便捷,商业配套", 价格待定,NaN, 待售,NaN,NaN
富力环贸港,花都,新雅街,广东省广州市花都区平步大道中,"商业类,大型商业综合体,交通枢纽,配套齐全,商业氛围浓", 价格待定,NaN, 待售,NaN,NaN
嘉华广场,花都,新华,广东省广州市花都区迎宾大道,"商业类,近地铁,商业中心,交通方便,人流量大", 价格待定,NaN, 待售,NaN,NaN
京仕柏丽花园,花都,新华,广东省广州市花都区龙珠路,"住宅,配套成熟,交通便捷,生活便利,环境优美",20000, 总价 180 - 420 (万 / 套), 在售,"3 室,4 室", 建面 90 - 210㎡
颐和盛世,花都,炭步,广东省广州市花都区广佛高速沙贝出口西行 5 公里,"住宅,江景资源,大型社区,配套完善,交通方便",13000, 总价 117 - 273 (万 / 套), 在售,"3 室,4 室", 建面 90 - 210㎡
朗悦君廷,花都,狮岭,广东省广州市花都区狮岭镇雄狮东路,"住宅,低密社区,配套成熟,交通便捷,生活方便",14000, 总价 126 - 308 (万 / 套), 在售,"3 室,4 室", 建面 90 - 220㎡
合景花漫里,花都,花东,广东省广州市花都区花东镇花都大道,"住宅,低总价,配套新,交通方便,绿化好",11000, 总价 99 - 231 (万 / 套), 在售,"3 室,4 室", 建面 90 - 210㎡
万科里享家,黄埔,长岭居,广东省广州市黄埔区长岭居新业路与布岭路交汇处,"住宅,低密社区,配套成熟,交通便捷,环境优美",28000, 总价 252 - 672 (万 / 套), 在售,"3 室,4 室", 建面 90 - 240㎡
实地常春藤,黄埔,长岭居,广东省广州市黄埔区长岭居东部禾丰小学旁,"住宅,大型社区,配套齐全,交通方便,绿化好",26000, 总价 234 - 624 (万 / 套), 在售,"3 室,5 室", 建面 90 - 240㎡
奥园春晓,黄埔,长岭居,广东省广州市黄埔区长岭居永顺大道中,"住宅,山景资源,低密宜居,配套完善,交通便捷",27000, 总价 243 - 648 (万 / 套), 在售,"3 室,4 室", 建面 90 - 240㎡
龙湖首开・云峰原著,黄埔,科学城,广东省广州市黄埔区开源大道与云峰路交汇处,"住宅,低密别墅,高端品质,环境优美,配套高端",40000, 总价 720 - 1440 (万 / 套), 在售,"3 室,5 室", 建面 180 - 360㎡
万科金色梦想,黄埔,科学城,广东省广州市黄埔区开源大道 22 号,"住宅,品牌地产,配套成熟,交通便捷,生活便利",35000, 总价 315 - 840 (万 / 套), 在售,"3 室,4 室", 建面 90 - 240㎡
大壮名城,黄埔,科学城,广东省广州市黄埔区开泰大道与科丰路交汇处,"住宅,大型商业配套,配套齐全,交通方便,环境优美",38000, 总价 342 - 912 (万 / 套), 在售,"3 室,4 室", 建面 90 - 240㎡
星汇城,黄埔,知识城,广东省广州市黄埔区知识城开源大道,"住宅,低总价,配套新,交通便捷,生活方便",20000, 总价 180 - 480 (万 / 套), 在售,"3 室,4 室", 建面 90 - 240㎡
招商雍景湾,黄埔,知识城,广东省广州市黄埔区知识城九龙大道与何棠下地铁站交汇处,"住宅,品牌保障,配套完善,交通便捷,环境宜人",22000, 总价 198 - 528 (万 / 套), 在售,"3 室,4 室", 建面 90 - 240㎡
绿地杉禾田晶舍,黄埔,知识城,广东省广州市黄埔区知识城凤凰湖旁,"住宅,湖景资源,低密社区,配套成熟,交通方便",23000, 总价 207 - 552 (万 / 套), 在售,"3 室,4 室", 建面 90 - 240㎡
时代天韵（黄埔）, 黄埔,知识城,广东省广州市黄埔区知识城凤湖一路,"住宅,地铁沿线,配套完善,生活便利,交通便捷",21000, 总价 189 - 504 (万 / 套), 在售,"3 室,4 室", 建面 90 - 240㎡
保利拾光年,黄埔,知识城,广东省广州市黄埔区知识城开放大道,"住宅,低密社区,配套新,交通便捷,环境优美",20000, 总价 180 - 480 (万 / 套), 在售,"3 室,4 室", 建面 90 - 240㎡
佳兆业城市广场,黄埔,科学城,广东省广州市黄埔区开创大道与广汕公路交汇处,"住宅,大型社区,配套齐全,交通方便,绿化好",36000, 总价 324 - 864 (万 / 套), 在售,"3 室,4 室", 建面 90 - 240㎡
万科幸福誉,黄埔,知识城,广东省广州市黄埔区九龙大道,"住宅,品牌地产,配套成熟,交通便捷,生活便利",21000, 总价 189 - 504 (万 / 套), 在售,"3 室,4 室", 建面 90 - 240㎡

